                  epoch,         train/box_loss,         train/seg_loss,         train/cls_loss,         train/dfl_loss,   metrics/precision(B),      metrics/recall(B),       metrics/mAP50(B),    metrics/mAP50-95(B),   metrics/precision(M),      metrics/recall(M),       metrics/mAP50(M),    metrics/mAP50-95(M),           val/box_loss,           val/seg_loss,           val/cls_loss,           val/dfl_loss,                 lr/pg0,                 lr/pg1,                 lr/pg2
                      1,                0.44229,                 4.9859,                 3.4324,                 1.0502,                0.00566,                0.97904,                0.30118,                0.26556,                0.00566,                0.97904,                0.30138,                0.27579,                0.30001,                 4.6755,                 3.2362,                0.97429,             0.00024879,             0.00024879,             0.00024879
                      2,                0.37652,                 0.7519,                 2.0439,                0.95513,                0.76277,                0.74634,                0.86124,                0.68005,                0.76277,                0.74634,                0.86124,                0.80662,                0.68541,                0.68222,                 1.7128,                 1.4691,             0.00050013,             0.00050013,             0.00050013
                      3,                0.38283,                0.50451,                 1.3206,                0.95164,                0.77721,                0.92778,                0.96237,                0.66304,                0.78458,                 0.9311,                0.96576,                0.95634,                 0.8335,                0.29165,                 1.8091,                 1.5904,             0.00074638,             0.00074638,             0.00074638
                      4,                 0.3439,                0.43283,                 1.1082,                 0.9209,                0.97302,                0.96364,                0.97507,                0.87389,                0.97302,                0.96364,                0.97507,                0.96304,                 0.4245,                0.27176,                 1.2476,                 1.0641,             0.00074616,             0.00074616,             0.00074616
